{"cameraMode":{"drawMode":0,"name":"Shaded","section":"Shading Mode"},"sceneLighting":false,"audioPlay":false,"sceneViewState":{"showFog":true,"showMaterialUpdate":false,"showSkybox":false,"showFlares":true,"showImageEffects":true,"showParticleSystems":true},"in2DMode":false,"pivot":{"x":-15.259078979492188,"y":15.528438568115235,"z":-13.67485237121582},"rotation":{"x":-0.1296767145395279,"y":0.5665262341499329,"z":-0.09084436297416687,"w":-0.8086910843849182},"size":36.09758758544922,"orthographic":false}