{"cameraMode":{"drawMode":0,"name":"Shaded","section":"Shading Mode"},"sceneLighting":false,"audioPlay":false,"sceneViewState":{"showFog":true,"showMaterialUpdate":false,"showSkybox":false,"showFlares":true,"showImageEffects":true,"showParticleSystems":true},"in2DMode":false,"pivot":{"x":2.5554733276367189,"y":-14.402450561523438,"z":109.07658386230469},"rotation":{"x":0.1340370625257492,"y":0.8520853519439697,"z":-0.264983594417572,"w":0.43102648854255679},"size":39.410789489746097,"orthographic":false}