{"cameraMode":{"drawMode":0,"name":"Shaded","section":"Shading Mode"},"sceneLighting":false,"audioPlay":false,"sceneViewState":{"showFog":true,"showMaterialUpdate":false,"showSkybox":false,"showFlares":true,"showImageEffects":true,"showParticleSystems":true},"in2DMode":false,"pivot":{"x":-2.5649449825286867,"y":0.5584127902984619,"z":-0.3565638065338135},"rotation":{"x":0.09933704137802124,"y":-0.8869336247444153,"z":0.22552694380283357,"w":0.3906654715538025},"size":2.3801212310791017,"orthographic":false}