{"cameraMode":{"drawMode":0,"name":"Shaded","section":"Shading Mode"},"sceneLighting":false,"audioPlay":false,"sceneViewState":{"showFog":true,"showMaterialUpdate":false,"showSkybox":false,"showFlares":true,"showImageEffects":true,"showParticleSystems":true},"in2DMode":false,"pivot":{"x":0.053121089935302737,"y":0.058343470096588138,"z":-0.06497383117675781},"rotation":{"x":-0.05890011042356491,"y":0.6970644593238831,"z":-0.05763402581214905,"w":-0.7122668027877808},"size":1.5776236057281495,"orthographic":false}