{"cameraMode":{"drawMode":0,"name":"Shaded","section":"Shading Mode"},"sceneLighting":false,"audioPlay":false,"sceneViewState":{"showFog":true,"showMaterialUpdate":false,"showSkybox":false,"showFlares":true,"showImageEffects":true,"showParticleSystems":true},"in2DMode":false,"pivot":{"x":106.17593383789063,"y":-274.25433349609377,"z":-49.36369323730469},"rotation":{"x":0.31009796261787417,"y":-0.4381428360939026,"z":0.1641727238893509,"w":0.8276118636131287},"size":439.3538818359375,"orthographic":false}