{"cameraMode":{"drawMode":0,"name":"Shaded","section":"Shading Mode"},"sceneLighting":false,"audioPlay":false,"sceneViewState":{"showFog":true,"showMaterialUpdate":false,"showSkybox":false,"showFlares":true,"showImageEffects":true,"showParticleSystems":true},"in2DMode":false,"pivot":{"x":-39.30509567260742,"y":-0.9802381992340088,"z":33.67220687866211},"rotation":{"x":0.005121089983731508,"y":0.5210517644882202,"z":0.003126629628241062,"w":-0.8535045385360718},"size":1.8608765602111817,"orthographic":false}