{"cameraMode":{"drawMode":0,"name":"Shaded","section":"Shading Mode"},"sceneLighting":false,"audioPlay":false,"sceneViewState":{"showFog":true,"showMaterialUpdate":false,"showSkybox":false,"showFlares":true,"showImageEffects":true,"showParticleSystems":true},"in2DMode":false,"pivot":{"x":7.57994270324707,"y":-27.816219329833986,"z":100.9415283203125},"rotation":{"x":-0.07247025519609451,"y":-0.9264472126960754,"z":0.28354039788246157,"w":-0.23677869141101838},"size":13.941022872924805,"orthographic":false}