{"cameraMode":{"drawMode":0,"name":"Shaded","section":"Shading Mode"},"sceneLighting":false,"audioPlay":false,"sceneViewState":{"showFog":true,"showMaterialUpdate":false,"showSkybox":true,"showFlares":true,"showImageEffects":true,"showParticleSystems":true},"in2DMode":false,"pivot":{"x":-25.172096252441408,"y":73.6976089477539,"z":-71.89935302734375},"rotation":{"x":-0.03343144431710243,"y":-0.3702169954776764,"z":-0.013333700597286225,"w":0.9282498955726624},"size":26.936147689819337,"orthographic":false}