{"cameraMode":{"drawMode":0,"name":"Shaded","section":"Shading Mode"},"sceneLighting":false,"audioPlay":false,"sceneViewState":{"showFog":true,"showMaterialUpdate":false,"showSkybox":false,"showFlares":true,"showImageEffects":true,"showParticleSystems":true},"in2DMode":false,"pivot":{"x":41.04393768310547,"y":-29.41876792907715,"z":35.810646057128909},"rotation":{"x":0.019433865323662759,"y":-0.08149541914463043,"z":0.0015893467934802175,"w":0.9964832663536072},"size":6.962183952331543,"orthographic":false}