{"cameraMode":{"drawMode":0,"name":"Shaded","section":"Shading Mode"},"sceneLighting":false,"audioPlay":false,"sceneViewState":{"showFog":true,"showMaterialUpdate":false,"showSkybox":false,"showFlares":true,"showImageEffects":true,"showParticleSystems":true},"in2DMode":false,"pivot":{"x":-0.7698125839233398,"y":0.6442137956619263,"z":0.23174473643302918},"rotation":{"x":0.027608133852481843,"y":-0.9723913073539734,"z":0.166418194770813,"w":0.16131681203842164},"size":6.485511779785156,"orthographic":false}