{"cameraMode":{"drawMode":0,"name":"Shaded","section":"Shading Mode"},"sceneLighting":false,"audioPlay":false,"sceneViewState":{"showFog":true,"showMaterialUpdate":false,"showSkybox":false,"showFlares":true,"showImageEffects":true,"showParticleSystems":true},"in2DMode":false,"pivot":{"x":-8.625397682189942,"y":-1.7986886501312256,"z":0.09213733673095703},"rotation":{"x":0.059527523815631869,"y":-0.7461969256401062,"z":0.06733964383602143,"w":0.6596297025680542},"size":7.3500847816467289,"orthographic":false}