{"cameraMode":{"drawMode":0,"name":"Shaded","section":"Shading Mode"},"sceneLighting":false,"audioPlay":false,"sceneViewState":{"showFog":true,"showMaterialUpdate":false,"showSkybox":false,"showFlares":true,"showImageEffects":true,"showParticleSystems":true},"in2DMode":false,"pivot":{"x":0.26488637924194338,"y":2.9411168098449709,"z":-4.220069885253906},"rotation":{"x":0.001286346116103232,"y":0.9976339340209961,"z":0.019456444308161737,"w":-0.06593965739011765},"size":6.2580671310424809,"orthographic":false}