{"cameraMode":{"drawMode":0,"name":"Shaded","section":"Shading Mode"},"sceneLighting":false,"audioPlay":false,"sceneViewState":{"showFog":true,"showMaterialUpdate":false,"showSkybox":true,"showFlares":true,"showImageEffects":true,"showParticleSystems":true},"in2DMode":false,"pivot":{"x":0.0,"y":1.6945326328277588,"z":-0.19953393936157227},"rotation":{"x":-0.05831121280789375,"y":0.9416831731796265,"z":-0.2364445924758911,"w":-0.2322504073381424},"size":5.340823650360107,"orthographic":false}