{"cameraMode":{"drawMode":0,"name":"Shaded","section":"Shading Mode"},"sceneLighting":false,"audioPlay":false,"sceneViewState":{"showFog":true,"showMaterialUpdate":false,"showSkybox":false,"showFlares":true,"showImageEffects":true,"showParticleSystems":true},"in2DMode":false,"pivot":{"x":-18.740901947021486,"y":-20.529041290283204,"z":91.16969299316406},"rotation":{"x":0.14292225241661073,"y":0.6736754179000855,"z":-0.13516010344028474,"w":0.7123799324035645},"size":2.2943408489227297,"orthographic":false}