{"cameraMode":{"drawMode":0,"name":"Shaded","section":"Shading Mode"},"sceneLighting":false,"audioPlay":false,"sceneViewState":{"showFog":true,"showMaterialUpdate":false,"showSkybox":true,"showFlares":true,"showImageEffects":true,"showParticleSystems":true},"in2DMode":false,"pivot":{"x":-24.47850799560547,"y":-2.9637813568115236,"z":-1.2017130851745606},"rotation":{"x":-0.019945478066802026,"y":0.7467179298400879,"z":-0.022403467446565629,"w":-0.6644750237464905},"size":16.24383544921875,"orthographic":false}