{"cameraMode":{"drawMode":0,"name":"Shaded","section":"Shading Mode"},"sceneLighting":false,"audioPlay":false,"sceneViewState":{"showFog":true,"showMaterialUpdate":false,"showSkybox":true,"showFlares":true,"showImageEffects":true,"showParticleSystems":true},"in2DMode":false,"pivot":{"x":10.044921875,"y":-23.800785064697267,"z":109.13264465332031},"rotation":{"x":0.050898030400276187,"y":0.49124547839164736,"z":-0.028771163895726205,"w":0.8690652251243591},"size":25.90594482421875,"orthographic":false}