{"cameraMode":{"drawMode":0,"name":"Shaded","section":"Shading Mode"},"sceneLighting":false,"audioPlay":false,"sceneViewState":{"showFog":true,"showMaterialUpdate":false,"showSkybox":true,"showFlares":true,"showImageEffects":true,"showParticleSystems":true},"in2DMode":false,"pivot":{"x":7.073155879974365,"y":12.490690231323243,"z":-0.24724097549915315},"rotation":{"x":0.14236071705818177,"y":-0.7102198004722595,"z":0.1502668857574463,"w":0.6728690266609192},"size":12.524765014648438,"orthographic":false}