{"cameraMode":{"drawMode":0,"name":"Shaded","section":"Shading Mode"},"sceneLighting":false,"audioPlay":false,"sceneViewState":{"showFog":true,"showMaterialUpdate":false,"showSkybox":false,"showFlares":true,"showImageEffects":true,"showParticleSystems":true},"in2DMode":false,"pivot":{"x":-0.9448316097259522,"y":1.4326566457748414,"z":-0.9044704437255859},"rotation":{"x":0.01015149150043726,"y":-0.9879946708679199,"z":0.0742388516664505,"w":0.1350993514060974},"size":4.238561630249023,"orthographic":false}