{"cameraMode":{"drawMode":0,"name":"Shaded","section":"Shading Mode"},"sceneLighting":false,"audioPlay":false,"sceneViewState":{"showFog":true,"showMaterialUpdate":false,"showSkybox":false,"showFlares":true,"showImageEffects":true,"showParticleSystems":true},"in2DMode":false,"pivot":{"x":3.9533958435058595,"y":-8.443780899047852,"z":0.5009355545043945},"rotation":{"x":0.0736749991774559,"y":-0.9254692196846008,"z":0.24124661087989808,"w":0.2826327979564667},"size":36.335811614990237,"orthographic":false}